php fill_up_undefined_parents_real_GBIFChecklists.php _ '{"resource_id": "SC_andorra", "source_dwca": "SC_andorra", "resource": "fillup_missing_parents_GBIFChecklists"}'
php fill_up_undefined_parents_real_GBIFChecklists.php _ '{"resource_id": "SC_unitedarabemirates", "source_dwca": "SC_unitedarabemirates", "resource": "fillup_missing_parents_GBIFChecklists"}'
php fill_up_undefined_parents_real_GBIFChecklists.php _ '{"resource_id": "SC_afganistan", "source_dwca": "SC_afganistan", "resource": "fillup_missing_parents_GBIFChecklists"}'
php fill_up_undefined_parents_real_GBIFChecklists.php _ '{"resource_id": "SC_antiguabarbuda", "source_dwca": "SC_antiguabarbuda", "resource": "fillup_missing_parents_GBIFChecklists"}'
php fill_up_undefined_parents_real_GBIFChecklists.php _ '{"resource_id": "c_AI", "source_dwca": "c_AI", "resource": "fillup_missing_parents_GBIFChecklists"}'
php fill_up_undefined_parents_real_GBIFChecklists.php _ '{"resource_id": "SC_albania", "source_dwca": "SC_albania", "resource": "fillup_missing_parents_GBIFChecklists"}'
php fill_up_undefined_parents_real_GBIFChecklists.php _ '{"resource_id": "SC_armenia", "source_dwca": "SC_armenia", "resource": "fillup_missing_parents_GBIFChecklists"}'
php fill_up_undefined_parents_real_GBIFChecklists.php _ '{"resource_id": "SC_angola", "source_dwca": "SC_angola", "resource": "fillup_missing_parents_GBIFChecklists"}'
php fill_up_undefined_parents_real_GBIFChecklists.php _ '{"resource_id": "SC_argentina", "source_dwca": "SC_argentina", "resource": "fillup_missing_parents_GBIFChecklists"}'
php fill_up_undefined_parents_real_GBIFChecklists.php _ '{"resource_id": "SC_austria", "source_dwca": "SC_austria", "resource": "fillup_missing_parents_GBIFChecklists"}'
php fill_up_undefined_parents_real_GBIFChecklists.php _ '{"resource_id": "SC_australia", "source_dwca": "SC_australia", "resource": "fillup_missing_parents_GBIFChecklists"}'
php fill_up_undefined_parents_real_GBIFChecklists.php _ '{"resource_id": "c_AW", "source_dwca": "c_AW", "resource": "fillup_missing_parents_GBIFChecklists"}'
php fill_up_undefined_parents_real_GBIFChecklists.php _ '{"resource_id": "SC_azerbaijan", "source_dwca": "SC_azerbaijan", "resource": "fillup_missing_parents_GBIFChecklists"}'
php fill_up_undefined_parents_real_GBIFChecklists.php _ '{"resource_id": "SC_bosniaherzegovina", "source_dwca": "SC_bosniaherzegovina", "resource": "fillup_missing_parents_GBIFChecklists"}'
php fill_up_undefined_parents_real_GBIFChecklists.php _ '{"resource_id": "SC_barbados", "source_dwca": "SC_barbados", "resource": "fillup_missing_parents_GBIFChecklists"}'
php fill_up_undefined_parents_real_GBIFChecklists.php _ '{"resource_id": "SC_bangladesh", "source_dwca": "SC_bangladesh", "resource": "fillup_missing_parents_GBIFChecklists"}'
php fill_up_undefined_parents_real_GBIFChecklists.php _ '{"resource_id": "SC_belgium", "source_dwca": "SC_belgium", "resource": "fillup_missing_parents_GBIFChecklists"}'
php fill_up_undefined_parents_real_GBIFChecklists.php _ '{"resource_id": "SC_burkinafaso", "source_dwca": "SC_burkinafaso", "resource": "fillup_missing_parents_GBIFChecklists"}'
php fill_up_undefined_parents_real_GBIFChecklists.php _ '{"resource_id": "SC_bulgaria", "source_dwca": "SC_bulgaria", "resource": "fillup_missing_parents_GBIFChecklists"}'
php fill_up_undefined_parents_real_GBIFChecklists.php _ '{"resource_id": "c_BH", "source_dwca": "c_BH", "resource": "fillup_missing_parents_GBIFChecklists"}'
php fill_up_undefined_parents_real_GBIFChecklists.php _ '{"resource_id": "SC_burundi", "source_dwca": "SC_burundi", "resource": "fillup_missing_parents_GBIFChecklists"}'
php fill_up_undefined_parents_real_GBIFChecklists.php _ '{"resource_id": "SC_benin", "source_dwca": "SC_benin", "resource": "fillup_missing_parents_GBIFChecklists"}'
php fill_up_undefined_parents_real_GBIFChecklists.php _ '{"resource_id": "SC_bermuda", "source_dwca": "SC_bermuda", "resource": "fillup_missing_parents_GBIFChecklists"}'
php fill_up_undefined_parents_real_GBIFChecklists.php _ '{"resource_id": "SC_brunei", "source_dwca": "SC_brunei", "resource": "fillup_missing_parents_GBIFChecklists"}'
php fill_up_undefined_parents_real_GBIFChecklists.php _ '{"resource_id": "SC_bolivia", "source_dwca": "SC_bolivia", "resource": "fillup_missing_parents_GBIFChecklists"}'
php fill_up_undefined_parents_real_GBIFChecklists.php _ '{"resource_id": "SC_bonaire", "source_dwca": "SC_bonaire", "resource": "fillup_missing_parents_GBIFChecklists"}'
php fill_up_undefined_parents_real_GBIFChecklists.php _ '{"resource_id": "SC_brazil", "source_dwca": "SC_brazil", "resource": "fillup_missing_parents_GBIFChecklists"}'
php fill_up_undefined_parents_real_GBIFChecklists.php _ '{"resource_id": "SC_bahamas", "source_dwca": "SC_bahamas", "resource": "fillup_missing_parents_GBIFChecklists"}'
php fill_up_undefined_parents_real_GBIFChecklists.php _ '{"resource_id": "SC_bhutan", "source_dwca": "SC_bhutan", "resource": "fillup_missing_parents_GBIFChecklists"}'
php fill_up_undefined_parents_real_GBIFChecklists.php _ '{"resource_id": "SC_bouvetisland", "source_dwca": "SC_bouvetisland", "resource": "fillup_missing_parents_GBIFChecklists"}'
php fill_up_undefined_parents_real_GBIFChecklists.php _ '{"resource_id": "SC_botswana", "source_dwca": "SC_botswana", "resource": "fillup_missing_parents_GBIFChecklists"}'
php fill_up_undefined_parents_real_GBIFChecklists.php _ '{"resource_id": "SC_belarus", "source_dwca": "SC_belarus", "resource": "fillup_missing_parents_GBIFChecklists"}'
php fill_up_undefined_parents_real_GBIFChecklists.php _ '{"resource_id": "SC_belize", "source_dwca": "SC_belize", "resource": "fillup_missing_parents_GBIFChecklists"}'
php fill_up_undefined_parents_real_GBIFChecklists.php _ '{"resource_id": "SC_canada", "source_dwca": "SC_canada", "resource": "fillup_missing_parents_GBIFChecklists"}'
php fill_up_undefined_parents_real_GBIFChecklists.php _ '{"resource_id": "SC_cocosislands", "source_dwca": "SC_cocosislands", "resource": "fillup_missing_parents_GBIFChecklists"}'
php fill_up_undefined_parents_real_GBIFChecklists.php _ '{"resource_id": "SC_congo", "source_dwca": "SC_congo", "resource": "fillup_missing_parents_GBIFChecklists"}'
php fill_up_undefined_parents_real_GBIFChecklists.php _ '{"resource_id": "SC_centralafricanrepublic", "source_dwca": "SC_centralafricanrepublic", "resource": "fillup_missing_parents_GBIFChecklists"}'
php fill_up_undefined_parents_real_GBIFChecklists.php _ '{"resource_id": "SC_repubcongo", "source_dwca": "SC_repubcongo", "resource": "fillup_missing_parents_GBIFChecklists"}'
php fill_up_undefined_parents_real_GBIFChecklists.php _ '{"resource_id": "SC_switzerland", "source_dwca": "SC_switzerland", "resource": "fillup_missing_parents_GBIFChecklists"}'
php fill_up_undefined_parents_real_GBIFChecklists.php _ '{"resource_id": "SC_chile", "source_dwca": "SC_chile", "resource": "fillup_missing_parents_GBIFChecklists"}'
php fill_up_undefined_parents_real_GBIFChecklists.php _ '{"resource_id": "SC_cameroon", "source_dwca": "SC_cameroon", "resource": "fillup_missing_parents_GBIFChecklists"}'
php fill_up_undefined_parents_real_GBIFChecklists.php _ '{"resource_id": "SC_china", "source_dwca": "SC_china", "resource": "fillup_missing_parents_GBIFChecklists"}'
php fill_up_undefined_parents_real_GBIFChecklists.php _ '{"resource_id": "SC_colombia", "source_dwca": "SC_colombia", "resource": "fillup_missing_parents_GBIFChecklists"}'
php fill_up_undefined_parents_real_GBIFChecklists.php _ '{"resource_id": "SC_costarica", "source_dwca": "SC_costarica", "resource": "fillup_missing_parents_GBIFChecklists"}'
php fill_up_undefined_parents_real_GBIFChecklists.php _ '{"resource_id": "SC_cuba", "source_dwca": "SC_cuba", "resource": "fillup_missing_parents_GBIFChecklists"}'
php fill_up_undefined_parents_real_GBIFChecklists.php _ '{"resource_id": "SC_capeverde", "source_dwca": "SC_capeverde", "resource": "fillup_missing_parents_GBIFChecklists"}'
php fill_up_undefined_parents_real_GBIFChecklists.php _ '{"resource_id": "SC_curacao", "source_dwca": "SC_curacao", "resource": "fillup_missing_parents_GBIFChecklists"}'
php fill_up_undefined_parents_real_GBIFChecklists.php _ '{"resource_id": "SC_christmasisland", "source_dwca": "SC_christmasisland", "resource": "fillup_missing_parents_GBIFChecklists"}'
php fill_up_undefined_parents_real_GBIFChecklists.php _ '{"resource_id": "SC_cyprus", "source_dwca": "SC_cyprus", "resource": "fillup_missing_parents_GBIFChecklists"}'
php fill_up_undefined_parents_real_GBIFChecklists.php _ '{"resource_id": "SC_czech", "source_dwca": "SC_czech", "resource": "fillup_missing_parents_GBIFChecklists"}'
php fill_up_undefined_parents_real_GBIFChecklists.php _ '{"resource_id": "SC_germany", "source_dwca": "SC_germany", "resource": "fillup_missing_parents_GBIFChecklists"}'
php fill_up_undefined_parents_real_GBIFChecklists.php _ '{"resource_id": "SC_djibouti", "source_dwca": "SC_djibouti", "resource": "fillup_missing_parents_GBIFChecklists"}'
php fill_up_undefined_parents_real_GBIFChecklists.php _ '{"resource_id": "SC_denmark", "source_dwca": "SC_denmark", "resource": "fillup_missing_parents_GBIFChecklists"}'
php fill_up_undefined_parents_real_GBIFChecklists.php _ '{"resource_id": "SC_dominica", "source_dwca": "SC_dominica", "resource": "fillup_missing_parents_GBIFChecklists"}'
php fill_up_undefined_parents_real_GBIFChecklists.php _ '{"resource_id": "SC_dominicanrepublic", "source_dwca": "SC_dominicanrepublic", "resource": "fillup_missing_parents_GBIFChecklists"}'
php fill_up_undefined_parents_real_GBIFChecklists.php _ '{"resource_id": "SC_algeria", "source_dwca": "SC_algeria", "resource": "fillup_missing_parents_GBIFChecklists"}'
php fill_up_undefined_parents_real_GBIFChecklists.php _ '{"resource_id": "SC_ecuador", "source_dwca": "SC_ecuador", "resource": "fillup_missing_parents_GBIFChecklists"}'
php fill_up_undefined_parents_real_GBIFChecklists.php _ '{"resource_id": "SC_estonia", "source_dwca": "SC_estonia", "resource": "fillup_missing_parents_GBIFChecklists"}'
php fill_up_undefined_parents_real_GBIFChecklists.php _ '{"resource_id": "SC_egypt", "source_dwca": "SC_egypt", "resource": "fillup_missing_parents_GBIFChecklists"}'
php fill_up_undefined_parents_real_GBIFChecklists.php _ '{"resource_id": "SC_eritrea", "source_dwca": "SC_eritrea", "resource": "fillup_missing_parents_GBIFChecklists"}'
php fill_up_undefined_parents_real_GBIFChecklists.php _ '{"resource_id": "SC_spain", "source_dwca": "SC_spain", "resource": "fillup_missing_parents_GBIFChecklists"}'
php fill_up_undefined_parents_real_GBIFChecklists.php _ '{"resource_id": "SC_ethiopia", "source_dwca": "SC_ethiopia", "resource": "fillup_missing_parents_GBIFChecklists"}'
php fill_up_undefined_parents_real_GBIFChecklists.php _ '{"resource_id": "SC_finland", "source_dwca": "SC_finland", "resource": "fillup_missing_parents_GBIFChecklists"}'
php fill_up_undefined_parents_real_GBIFChecklists.php _ '{"resource_id": "SC_fiji", "source_dwca": "SC_fiji", "resource": "fillup_missing_parents_GBIFChecklists"}'
php fill_up_undefined_parents_real_GBIFChecklists.php _ '{"resource_id": "SC_falklandislands", "source_dwca": "SC_falklandislands", "resource": "fillup_missing_parents_GBIFChecklists"}'
php fill_up_undefined_parents_real_GBIFChecklists.php _ '{"resource_id": "SC_micronesia", "source_dwca": "SC_micronesia", "resource": "fillup_missing_parents_GBIFChecklists"}'
php fill_up_undefined_parents_real_GBIFChecklists.php _ '{"resource_id": "SC_faroeislands", "source_dwca": "SC_faroeislands", "resource": "fillup_missing_parents_GBIFChecklists"}'
php fill_up_undefined_parents_real_GBIFChecklists.php _ '{"resource_id": "SC_france", "source_dwca": "SC_france", "resource": "fillup_missing_parents_GBIFChecklists"}'
php fill_up_undefined_parents_real_GBIFChecklists.php _ '{"resource_id": "SC_gabon", "source_dwca": "SC_gabon", "resource": "fillup_missing_parents_GBIFChecklists"}'
php fill_up_undefined_parents_real_GBIFChecklists.php _ '{"resource_id": "SC_unitedkingdom", "source_dwca": "SC_unitedkingdom", "resource": "fillup_missing_parents_GBIFChecklists"}'
php fill_up_undefined_parents_real_GBIFChecklists.php _ '{"resource_id": "SC_grenada", "source_dwca": "SC_grenada", "resource": "fillup_missing_parents_GBIFChecklists"}'
php fill_up_undefined_parents_real_GBIFChecklists.php _ '{"resource_id": "SC_georgia", "source_dwca": "SC_georgia", "resource": "fillup_missing_parents_GBIFChecklists"}'
php fill_up_undefined_parents_real_GBIFChecklists.php _ '{"resource_id": "SC_frenchguiana", "source_dwca": "SC_frenchguiana", "resource": "fillup_missing_parents_GBIFChecklists"}'
php fill_up_undefined_parents_real_GBIFChecklists.php _ '{"resource_id": "SC_guernsey", "source_dwca": "SC_guernsey", "resource": "fillup_missing_parents_GBIFChecklists"}'
php fill_up_undefined_parents_real_GBIFChecklists.php _ '{"resource_id": "SC_ghana", "source_dwca": "SC_ghana", "resource": "fillup_missing_parents_GBIFChecklists"}'
php fill_up_undefined_parents_real_GBIFChecklists.php _ '{"resource_id": "SC_gibraltar", "source_dwca": "SC_gibraltar", "resource": "fillup_missing_parents_GBIFChecklists"}'
php fill_up_undefined_parents_real_GBIFChecklists.php _ '{"resource_id": "SC_greenland", "source_dwca": "SC_greenland", "resource": "fillup_missing_parents_GBIFChecklists"}'
php fill_up_undefined_parents_real_GBIFChecklists.php _ '{"resource_id": "SC_gambia", "source_dwca": "SC_gambia", "resource": "fillup_missing_parents_GBIFChecklists"}'
php fill_up_undefined_parents_real_GBIFChecklists.php _ '{"resource_id": "SC_guinea", "source_dwca": "SC_guinea", "resource": "fillup_missing_parents_GBIFChecklists"}'
php fill_up_undefined_parents_real_GBIFChecklists.php _ '{"resource_id": "SC_guadeloupe", "source_dwca": "SC_guadeloupe", "resource": "fillup_missing_parents_GBIFChecklists"}'
php fill_up_undefined_parents_real_GBIFChecklists.php _ '{"resource_id": "SC_equatorialquinea", "source_dwca": "SC_equatorialquinea", "resource": "fillup_missing_parents_GBIFChecklists"}'
php fill_up_undefined_parents_real_GBIFChecklists.php _ '{"resource_id": "SC_greece", "source_dwca": "SC_greece", "resource": "fillup_missing_parents_GBIFChecklists"}'
php fill_up_undefined_parents_real_GBIFChecklists.php _ '{"resource_id": "SC_georgiasandwich", "source_dwca": "SC_georgiasandwich", "resource": "fillup_missing_parents_GBIFChecklists"}'
php fill_up_undefined_parents_real_GBIFChecklists.php _ '{"resource_id": "SC_guatemala", "source_dwca": "SC_guatemala", "resource": "fillup_missing_parents_GBIFChecklists"}'
php fill_up_undefined_parents_real_GBIFChecklists.php _ '{"resource_id": "SC_guam", "source_dwca": "SC_guam", "resource": "fillup_missing_parents_GBIFChecklists"}'
php fill_up_undefined_parents_real_GBIFChecklists.php _ '{"resource_id": "SC_guineabissau", "source_dwca": "SC_guineabissau", "resource": "fillup_missing_parents_GBIFChecklists"}'
php fill_up_undefined_parents_real_GBIFChecklists.php _ '{"resource_id": "SC_guyana", "source_dwca": "SC_guyana", "resource": "fillup_missing_parents_GBIFChecklists"}'
php fill_up_undefined_parents_real_GBIFChecklists.php _ '{"resource_id": "SC_hongkong", "source_dwca": "SC_hongkong", "resource": "fillup_missing_parents_GBIFChecklists"}'
php fill_up_undefined_parents_real_GBIFChecklists.php _ '{"resource_id": "SC_territoryofheardislandandmcdonaldislands", "source_dwca": "SC_territoryofheardislandandmcdonaldislands", "resource": "fillup_missing_parents_GBIFChecklists"}'
php fill_up_undefined_parents_real_GBIFChecklists.php _ '{"resource_id": "SC_honduras", "source_dwca": "SC_honduras", "resource": "fillup_missing_parents_GBIFChecklists"}'
php fill_up_undefined_parents_real_GBIFChecklists.php _ '{"resource_id": "SC_croatia", "source_dwca": "SC_croatia", "resource": "fillup_missing_parents_GBIFChecklists"}'
php fill_up_undefined_parents_real_GBIFChecklists.php _ '{"resource_id": "SC_haiti", "source_dwca": "SC_haiti", "resource": "fillup_missing_parents_GBIFChecklists"}'
php fill_up_undefined_parents_real_GBIFChecklists.php _ '{"resource_id": "SC_hungary", "source_dwca": "SC_hungary", "resource": "fillup_missing_parents_GBIFChecklists"}'
php fill_up_undefined_parents_real_GBIFChecklists.php _ '{"resource_id": "SC_indonesia", "source_dwca": "SC_indonesia", "resource": "fillup_missing_parents_GBIFChecklists"}'
php fill_up_undefined_parents_real_GBIFChecklists.php _ '{"resource_id": "SC_ireland", "source_dwca": "SC_ireland", "resource": "fillup_missing_parents_GBIFChecklists"}'
php fill_up_undefined_parents_real_GBIFChecklists.php _ '{"resource_id": "SC_israel", "source_dwca": "SC_israel", "resource": "fillup_missing_parents_GBIFChecklists"}'
php fill_up_undefined_parents_real_GBIFChecklists.php _ '{"resource_id": "SC_isleofman", "source_dwca": "SC_isleofman", "resource": "fillup_missing_parents_GBIFChecklists"}'
php fill_up_undefined_parents_real_GBIFChecklists.php _ '{"resource_id": "SC_india", "source_dwca": "SC_india", "resource": "fillup_missing_parents_GBIFChecklists"}'
php fill_up_undefined_parents_real_GBIFChecklists.php _ '{"resource_id": "SC_iraq", "source_dwca": "SC_iraq", "resource": "fillup_missing_parents_GBIFChecklists"}'
php fill_up_undefined_parents_real_GBIFChecklists.php _ '{"resource_id": "SC_iran", "source_dwca": "SC_iran", "resource": "fillup_missing_parents_GBIFChecklists"}'
php fill_up_undefined_parents_real_GBIFChecklists.php _ '{"resource_id": "SC_iceland", "source_dwca": "SC_iceland", "resource": "fillup_missing_parents_GBIFChecklists"}'
php fill_up_undefined_parents_real_GBIFChecklists.php _ '{"resource_id": "SC_italy", "source_dwca": "SC_italy", "resource": "fillup_missing_parents_GBIFChecklists"}'
php fill_up_undefined_parents_real_GBIFChecklists.php _ '{"resource_id": "SC_jersey", "source_dwca": "SC_jersey", "resource": "fillup_missing_parents_GBIFChecklists"}'
php fill_up_undefined_parents_real_GBIFChecklists.php _ '{"resource_id": "SC_jamaica", "source_dwca": "SC_jamaica", "resource": "fillup_missing_parents_GBIFChecklists"}'
php fill_up_undefined_parents_real_GBIFChecklists.php _ '{"resource_id": "SC_jordan", "source_dwca": "SC_jordan", "resource": "fillup_missing_parents_GBIFChecklists"}'
php fill_up_undefined_parents_real_GBIFChecklists.php _ '{"resource_id": "SC_japan", "source_dwca": "SC_japan", "resource": "fillup_missing_parents_GBIFChecklists"}'
php fill_up_undefined_parents_real_GBIFChecklists.php _ '{"resource_id": "SC_kenya", "source_dwca": "SC_kenya", "resource": "fillup_missing_parents_GBIFChecklists"}'
php fill_up_undefined_parents_real_GBIFChecklists.php _ '{"resource_id": "SC_kyrgyzstan", "source_dwca": "SC_kyrgyzstan", "resource": "fillup_missing_parents_GBIFChecklists"}'
php fill_up_undefined_parents_real_GBIFChecklists.php _ '{"resource_id": "SC_cambodia", "source_dwca": "SC_cambodia", "resource": "fillup_missing_parents_GBIFChecklists"}'
php fill_up_undefined_parents_real_GBIFChecklists.php _ '{"resource_id": "SC_kiribati", "source_dwca": "SC_kiribati", "resource": "fillup_missing_parents_GBIFChecklists"}'
php fill_up_undefined_parents_real_GBIFChecklists.php _ '{"resource_id": "SC_comoros", "source_dwca": "SC_comoros", "resource": "fillup_missing_parents_GBIFChecklists"}'
php fill_up_undefined_parents_real_GBIFChecklists.php _ '{"resource_id": "SC_saintkittsandnevis", "source_dwca": "SC_saintkittsandnevis", "resource": "fillup_missing_parents_GBIFChecklists"}'
php fill_up_undefined_parents_real_GBIFChecklists.php _ '{"resource_id": "SC_northkorea", "source_dwca": "SC_northkorea", "resource": "fillup_missing_parents_GBIFChecklists"}'
php fill_up_undefined_parents_real_GBIFChecklists.php _ '{"resource_id": "SC_southkorea", "source_dwca": "SC_southkorea", "resource": "fillup_missing_parents_GBIFChecklists"}'
php fill_up_undefined_parents_real_GBIFChecklists.php _ '{"resource_id": "SC_kuwait", "source_dwca": "SC_kuwait", "resource": "fillup_missing_parents_GBIFChecklists"}'
php fill_up_undefined_parents_real_GBIFChecklists.php _ '{"resource_id": "SC_cayman", "source_dwca": "SC_cayman", "resource": "fillup_missing_parents_GBIFChecklists"}'
php fill_up_undefined_parents_real_GBIFChecklists.php _ '{"resource_id": "SC_kazakhstan", "source_dwca": "SC_kazakhstan", "resource": "fillup_missing_parents_GBIFChecklists"}'
php fill_up_undefined_parents_real_GBIFChecklists.php _ '{"resource_id": "SC_laos", "source_dwca": "SC_laos", "resource": "fillup_missing_parents_GBIFChecklists"}'
php fill_up_undefined_parents_real_GBIFChecklists.php _ '{"resource_id": "SC_lebanon", "source_dwca": "SC_lebanon", "resource": "fillup_missing_parents_GBIFChecklists"}'
php fill_up_undefined_parents_real_GBIFChecklists.php _ '{"resource_id": "SC_saintlucia", "source_dwca": "SC_saintlucia", "resource": "fillup_missing_parents_GBIFChecklists"}'
php fill_up_undefined_parents_real_GBIFChecklists.php _ '{"resource_id": "SC_liechtenstein", "source_dwca": "SC_liechtenstein", "resource": "fillup_missing_parents_GBIFChecklists"}'
php fill_up_undefined_parents_real_GBIFChecklists.php _ '{"resource_id": "SC_srilanka", "source_dwca": "SC_srilanka", "resource": "fillup_missing_parents_GBIFChecklists"}'
php fill_up_undefined_parents_real_GBIFChecklists.php _ '{"resource_id": "SC_liberia", "source_dwca": "SC_liberia", "resource": "fillup_missing_parents_GBIFChecklists"}'
php fill_up_undefined_parents_real_GBIFChecklists.php _ '{"resource_id": "SC_lesotho", "source_dwca": "SC_lesotho", "resource": "fillup_missing_parents_GBIFChecklists"}'
php fill_up_undefined_parents_real_GBIFChecklists.php _ '{"resource_id": "SC_lithuania", "source_dwca": "SC_lithuania", "resource": "fillup_missing_parents_GBIFChecklists"}'
php fill_up_undefined_parents_real_GBIFChecklists.php _ '{"resource_id": "SC_luxembourg", "source_dwca": "SC_luxembourg", "resource": "fillup_missing_parents_GBIFChecklists"}'
php fill_up_undefined_parents_real_GBIFChecklists.php _ '{"resource_id": "SC_latvia", "source_dwca": "SC_latvia", "resource": "fillup_missing_parents_GBIFChecklists"}'
php fill_up_undefined_parents_real_GBIFChecklists.php _ '{"resource_id": "SC_libya", "source_dwca": "SC_libya", "resource": "fillup_missing_parents_GBIFChecklists"}'
php fill_up_undefined_parents_real_GBIFChecklists.php _ '{"resource_id": "SC_morocco", "source_dwca": "SC_morocco", "resource": "fillup_missing_parents_GBIFChecklists"}'
php fill_up_undefined_parents_real_GBIFChecklists.php _ '{"resource_id": "SC_monaco", "source_dwca": "SC_monaco", "resource": "fillup_missing_parents_GBIFChecklists"}'
php fill_up_undefined_parents_real_GBIFChecklists.php _ '{"resource_id": "SC_moldova", "source_dwca": "SC_moldova", "resource": "fillup_missing_parents_GBIFChecklists"}'
php fill_up_undefined_parents_real_GBIFChecklists.php _ '{"resource_id": "SC_montenegro", "source_dwca": "SC_montenegro", "resource": "fillup_missing_parents_GBIFChecklists"}'
php fill_up_undefined_parents_real_GBIFChecklists.php _ '{"resource_id": "SC_saintmartin", "source_dwca": "SC_saintmartin", "resource": "fillup_missing_parents_GBIFChecklists"}'
php fill_up_undefined_parents_real_GBIFChecklists.php _ '{"resource_id": "SC_madagascar", "source_dwca": "SC_madagascar", "resource": "fillup_missing_parents_GBIFChecklists"}'
php fill_up_undefined_parents_real_GBIFChecklists.php _ '{"resource_id": "SC_marshallislands", "source_dwca": "SC_marshallislands", "resource": "fillup_missing_parents_GBIFChecklists"}'
php fill_up_undefined_parents_real_GBIFChecklists.php _ '{"resource_id": "SC_macedonia", "source_dwca": "SC_macedonia", "resource": "fillup_missing_parents_GBIFChecklists"}'
php fill_up_undefined_parents_real_GBIFChecklists.php _ '{"resource_id": "SC_mali", "source_dwca": "SC_mali", "resource": "fillup_missing_parents_GBIFChecklists"}'
php fill_up_undefined_parents_real_GBIFChecklists.php _ '{"resource_id": "SC_myanmar", "source_dwca": "SC_myanmar", "resource": "fillup_missing_parents_GBIFChecklists"}'
php fill_up_undefined_parents_real_GBIFChecklists.php _ '{"resource_id": "SC_mongolia", "source_dwca": "SC_mongolia", "resource": "fillup_missing_parents_GBIFChecklists"}'
php fill_up_undefined_parents_real_GBIFChecklists.php _ '{"resource_id": "SC_macau", "source_dwca": "SC_macau", "resource": "fillup_missing_parents_GBIFChecklists"}'
php fill_up_undefined_parents_real_GBIFChecklists.php _ '{"resource_id": "SC_mariana", "source_dwca": "SC_mariana", "resource": "fillup_missing_parents_GBIFChecklists"}'
php fill_up_undefined_parents_real_GBIFChecklists.php _ '{"resource_id": "SC_martinique", "source_dwca": "SC_martinique", "resource": "fillup_missing_parents_GBIFChecklists"}'
php fill_up_undefined_parents_real_GBIFChecklists.php _ '{"resource_id": "SC_mauritania", "source_dwca": "SC_mauritania", "resource": "fillup_missing_parents_GBIFChecklists"}'
php fill_up_undefined_parents_real_GBIFChecklists.php _ '{"resource_id": "SC_montserrat", "source_dwca": "SC_montserrat", "resource": "fillup_missing_parents_GBIFChecklists"}'
php fill_up_undefined_parents_real_GBIFChecklists.php _ '{"resource_id": "SC_malta", "source_dwca": "SC_malta", "resource": "fillup_missing_parents_GBIFChecklists"}'
php fill_up_undefined_parents_real_GBIFChecklists.php _ '{"resource_id": "SC_mauritius", "source_dwca": "SC_mauritius", "resource": "fillup_missing_parents_GBIFChecklists"}'
php fill_up_undefined_parents_real_GBIFChecklists.php _ '{"resource_id": "SC_maldives", "source_dwca": "SC_maldives", "resource": "fillup_missing_parents_GBIFChecklists"}'
php fill_up_undefined_parents_real_GBIFChecklists.php _ '{"resource_id": "SC_malawi", "source_dwca": "SC_malawi", "resource": "fillup_missing_parents_GBIFChecklists"}'
php fill_up_undefined_parents_real_GBIFChecklists.php _ '{"resource_id": "SC_mexico", "source_dwca": "SC_mexico", "resource": "fillup_missing_parents_GBIFChecklists"}'
php fill_up_undefined_parents_real_GBIFChecklists.php _ '{"resource_id": "SC_malaysia", "source_dwca": "SC_malaysia", "resource": "fillup_missing_parents_GBIFChecklists"}'
php fill_up_undefined_parents_real_GBIFChecklists.php _ '{"resource_id": "c_MZ", "source_dwca": "c_MZ", "resource": "fillup_missing_parents_GBIFChecklists"}'
php fill_up_undefined_parents_real_GBIFChecklists.php _ '{"resource_id": "SC_namibia", "source_dwca": "SC_namibia", "resource": "fillup_missing_parents_GBIFChecklists"}'
php fill_up_undefined_parents_real_GBIFChecklists.php _ '{"resource_id": "SC_newcaledonia", "source_dwca": "SC_newcaledonia", "resource": "fillup_missing_parents_GBIFChecklists"}'
php fill_up_undefined_parents_real_GBIFChecklists.php _ '{"resource_id": "SC_niger", "source_dwca": "SC_niger", "resource": "fillup_missing_parents_GBIFChecklists"}'
php fill_up_undefined_parents_real_GBIFChecklists.php _ '{"resource_id": "SC_norfolkisland", "source_dwca": "SC_norfolkisland", "resource": "fillup_missing_parents_GBIFChecklists"}'
php fill_up_undefined_parents_real_GBIFChecklists.php _ '{"resource_id": "SC_nigeria", "source_dwca": "SC_nigeria", "resource": "fillup_missing_parents_GBIFChecklists"}'
php fill_up_undefined_parents_real_GBIFChecklists.php _ '{"resource_id": "SC_nicaragua", "source_dwca": "SC_nicaragua", "resource": "fillup_missing_parents_GBIFChecklists"}'
php fill_up_undefined_parents_real_GBIFChecklists.php _ '{"resource_id": "SC_netherlands", "source_dwca": "SC_netherlands", "resource": "fillup_missing_parents_GBIFChecklists"}'
php fill_up_undefined_parents_real_GBIFChecklists.php _ '{"resource_id": "SC_norway", "source_dwca": "SC_norway", "resource": "fillup_missing_parents_GBIFChecklists"}'
php fill_up_undefined_parents_real_GBIFChecklists.php _ '{"resource_id": "SC_nepal", "source_dwca": "SC_nepal", "resource": "fillup_missing_parents_GBIFChecklists"}'
php fill_up_undefined_parents_real_GBIFChecklists.php _ '{"resource_id": "SC_nauru", "source_dwca": "SC_nauru", "resource": "fillup_missing_parents_GBIFChecklists"}'
php fill_up_undefined_parents_real_GBIFChecklists.php _ '{"resource_id": "SC_niue", "source_dwca": "SC_niue", "resource": "fillup_missing_parents_GBIFChecklists"}'
php fill_up_undefined_parents_real_GBIFChecklists.php _ '{"resource_id": "SC_newzealand", "source_dwca": "SC_newzealand", "resource": "fillup_missing_parents_GBIFChecklists"}'
php fill_up_undefined_parents_real_GBIFChecklists.php _ '{"resource_id": "SC_oman", "source_dwca": "SC_oman", "resource": "fillup_missing_parents_GBIFChecklists"}'
php fill_up_undefined_parents_real_GBIFChecklists.php _ '{"resource_id": "SC_panama", "source_dwca": "SC_panama", "resource": "fillup_missing_parents_GBIFChecklists"}'
php fill_up_undefined_parents_real_GBIFChecklists.php _ '{"resource_id": "SC_peru", "source_dwca": "SC_peru", "resource": "fillup_missing_parents_GBIFChecklists"}'
php fill_up_undefined_parents_real_GBIFChecklists.php _ '{"resource_id": "SC_frenchpolynesia", "source_dwca": "SC_frenchpolynesia", "resource": "fillup_missing_parents_GBIFChecklists"}'
php fill_up_undefined_parents_real_GBIFChecklists.php _ '{"resource_id": "SC_papuanewguinea", "source_dwca": "SC_papuanewguinea", "resource": "fillup_missing_parents_GBIFChecklists"}'
php fill_up_undefined_parents_real_GBIFChecklists.php _ '{"resource_id": "SC_philippines", "source_dwca": "SC_philippines", "resource": "fillup_missing_parents_GBIFChecklists"}'
php fill_up_undefined_parents_real_GBIFChecklists.php _ '{"resource_id": "SC_pakistan", "source_dwca": "SC_pakistan", "resource": "fillup_missing_parents_GBIFChecklists"}'
php fill_up_undefined_parents_real_GBIFChecklists.php _ '{"resource_id": "SC_poland", "source_dwca": "SC_poland", "resource": "fillup_missing_parents_GBIFChecklists"}'
php fill_up_undefined_parents_real_GBIFChecklists.php _ '{"resource_id": "SC_saint-pierreetmiquelon", "source_dwca": "SC_saint-pierreetmiquelon", "resource": "fillup_missing_parents_GBIFChecklists"}'
php fill_up_undefined_parents_real_GBIFChecklists.php _ '{"resource_id": "SC_puertorico", "source_dwca": "SC_puertorico", "resource": "fillup_missing_parents_GBIFChecklists"}'
php fill_up_undefined_parents_real_GBIFChecklists.php _ '{"resource_id": "SC_palestine", "source_dwca": "SC_palestine", "resource": "fillup_missing_parents_GBIFChecklists"}'
php fill_up_undefined_parents_real_GBIFChecklists.php _ '{"resource_id": "SC_portugal", "source_dwca": "SC_portugal", "resource": "fillup_missing_parents_GBIFChecklists"}'
php fill_up_undefined_parents_real_GBIFChecklists.php _ '{"resource_id": "SC_palau", "source_dwca": "SC_palau", "resource": "fillup_missing_parents_GBIFChecklists"}'
php fill_up_undefined_parents_real_GBIFChecklists.php _ '{"resource_id": "SC_paraguay", "source_dwca": "SC_paraguay", "resource": "fillup_missing_parents_GBIFChecklists"}'
php fill_up_undefined_parents_real_GBIFChecklists.php _ '{"resource_id": "SC_qatar", "source_dwca": "SC_qatar", "resource": "fillup_missing_parents_GBIFChecklists"}'
php fill_up_undefined_parents_real_GBIFChecklists.php _ '{"resource_id": "SC_reunion", "source_dwca": "SC_reunion", "resource": "fillup_missing_parents_GBIFChecklists"}'
php fill_up_undefined_parents_real_GBIFChecklists.php _ '{"resource_id": "SC_romania", "source_dwca": "SC_romania", "resource": "fillup_missing_parents_GBIFChecklists"}'
php fill_up_undefined_parents_real_GBIFChecklists.php _ '{"resource_id": "SC_serbia", "source_dwca": "SC_serbia", "resource": "fillup_missing_parents_GBIFChecklists"}'
php fill_up_undefined_parents_real_GBIFChecklists.php _ '{"resource_id": "SC_russia", "source_dwca": "SC_russia", "resource": "fillup_missing_parents_GBIFChecklists"}'
php fill_up_undefined_parents_real_GBIFChecklists.php _ '{"resource_id": "SC_rwanda", "source_dwca": "SC_rwanda", "resource": "fillup_missing_parents_GBIFChecklists"}'
php fill_up_undefined_parents_real_GBIFChecklists.php _ '{"resource_id": "SC_saudiarabia", "source_dwca": "SC_saudiarabia", "resource": "fillup_missing_parents_GBIFChecklists"}'
php fill_up_undefined_parents_real_GBIFChecklists.php _ '{"resource_id": "SC_solomonislands", "source_dwca": "SC_solomonislands", "resource": "fillup_missing_parents_GBIFChecklists"}'
php fill_up_undefined_parents_real_GBIFChecklists.php _ '{"resource_id": "SC_seychelles", "source_dwca": "SC_seychelles", "resource": "fillup_missing_parents_GBIFChecklists"}'
php fill_up_undefined_parents_real_GBIFChecklists.php _ '{"resource_id": "SC_sudan", "source_dwca": "SC_sudan", "resource": "fillup_missing_parents_GBIFChecklists"}'
php fill_up_undefined_parents_real_GBIFChecklists.php _ '{"resource_id": "SC_sweden", "source_dwca": "SC_sweden", "resource": "fillup_missing_parents_GBIFChecklists"}'
php fill_up_undefined_parents_real_GBIFChecklists.php _ '{"resource_id": "SC_singapore", "source_dwca": "SC_singapore", "resource": "fillup_missing_parents_GBIFChecklists"}'
php fill_up_undefined_parents_real_GBIFChecklists.php _ '{"resource_id": "SC_helenaascencion", "source_dwca": "SC_helenaascencion", "resource": "fillup_missing_parents_GBIFChecklists"}'
php fill_up_undefined_parents_real_GBIFChecklists.php _ '{"resource_id": "SC_slovenia", "source_dwca": "SC_slovenia", "resource": "fillup_missing_parents_GBIFChecklists"}'
php fill_up_undefined_parents_real_GBIFChecklists.php _ '{"resource_id": "SC_slovakia", "source_dwca": "SC_slovakia", "resource": "fillup_missing_parents_GBIFChecklists"}'
php fill_up_undefined_parents_real_GBIFChecklists.php _ '{"resource_id": "SC_sierraleone", "source_dwca": "SC_sierraleone", "resource": "fillup_missing_parents_GBIFChecklists"}'
php fill_up_undefined_parents_real_GBIFChecklists.php _ '{"resource_id": "SC_sanmarino", "source_dwca": "SC_sanmarino", "resource": "fillup_missing_parents_GBIFChecklists"}'
php fill_up_undefined_parents_real_GBIFChecklists.php _ '{"resource_id": "SC_senegal", "source_dwca": "SC_senegal", "resource": "fillup_missing_parents_GBIFChecklists"}'
php fill_up_undefined_parents_real_GBIFChecklists.php _ '{"resource_id": "SC_somalia", "source_dwca": "SC_somalia", "resource": "fillup_missing_parents_GBIFChecklists"}'
php fill_up_undefined_parents_real_GBIFChecklists.php _ '{"resource_id": "SC_suriname", "source_dwca": "SC_suriname", "resource": "fillup_missing_parents_GBIFChecklists"}'
php fill_up_undefined_parents_real_GBIFChecklists.php _ '{"resource_id": "SC_southsudan", "source_dwca": "SC_southsudan", "resource": "fillup_missing_parents_GBIFChecklists"}'
php fill_up_undefined_parents_real_GBIFChecklists.php _ '{"resource_id": "SC_elsalvador", "source_dwca": "SC_elsalvador", "resource": "fillup_missing_parents_GBIFChecklists"}'
php fill_up_undefined_parents_real_GBIFChecklists.php _ '{"resource_id": "SC_sintmaarten", "source_dwca": "SC_sintmaarten", "resource": "fillup_missing_parents_GBIFChecklists"}'
php fill_up_undefined_parents_real_GBIFChecklists.php _ '{"resource_id": "SC_syria", "source_dwca": "SC_syria", "resource": "fillup_missing_parents_GBIFChecklists"}'
php fill_up_undefined_parents_real_GBIFChecklists.php _ '{"resource_id": "SC_swaziland", "source_dwca": "SC_swaziland", "resource": "fillup_missing_parents_GBIFChecklists"}'
php fill_up_undefined_parents_real_GBIFChecklists.php _ '{"resource_id": "SC_turkscaicos", "source_dwca": "SC_turkscaicos", "resource": "fillup_missing_parents_GBIFChecklists"}'
php fill_up_undefined_parents_real_GBIFChecklists.php _ '{"resource_id": "SC_chad", "source_dwca": "SC_chad", "resource": "fillup_missing_parents_GBIFChecklists"}'
php fill_up_undefined_parents_real_GBIFChecklists.php _ '{"resource_id": "SC_terrfrenchantarc", "source_dwca": "SC_terrfrenchantarc", "resource": "fillup_missing_parents_GBIFChecklists"}'
php fill_up_undefined_parents_real_GBIFChecklists.php _ '{"resource_id": "SC_togo", "source_dwca": "SC_togo", "resource": "fillup_missing_parents_GBIFChecklists"}'
php fill_up_undefined_parents_real_GBIFChecklists.php _ '{"resource_id": "SC_thailand", "source_dwca": "SC_thailand", "resource": "fillup_missing_parents_GBIFChecklists"}'
php fill_up_undefined_parents_real_GBIFChecklists.php _ '{"resource_id": "SC_tajikistan", "source_dwca": "SC_tajikistan", "resource": "fillup_missing_parents_GBIFChecklists"}'
php fill_up_undefined_parents_real_GBIFChecklists.php _ '{"resource_id": "SC_tokelau", "source_dwca": "SC_tokelau", "resource": "fillup_missing_parents_GBIFChecklists"}'
php fill_up_undefined_parents_real_GBIFChecklists.php _ '{"resource_id": "SC_timor-leste", "source_dwca": "SC_timor-leste", "resource": "fillup_missing_parents_GBIFChecklists"}'
php fill_up_undefined_parents_real_GBIFChecklists.php _ '{"resource_id": "SC_turkmenistan", "source_dwca": "SC_turkmenistan", "resource": "fillup_missing_parents_GBIFChecklists"}'
php fill_up_undefined_parents_real_GBIFChecklists.php _ '{"resource_id": "SC_tunisia", "source_dwca": "SC_tunisia", "resource": "fillup_missing_parents_GBIFChecklists"}'
php fill_up_undefined_parents_real_GBIFChecklists.php _ '{"resource_id": "SC_tonga", "source_dwca": "SC_tonga", "resource": "fillup_missing_parents_GBIFChecklists"}'
php fill_up_undefined_parents_real_GBIFChecklists.php _ '{"resource_id": "SC_turkey", "source_dwca": "SC_turkey", "resource": "fillup_missing_parents_GBIFChecklists"}'
php fill_up_undefined_parents_real_GBIFChecklists.php _ '{"resource_id": "SC_trinidadtobago", "source_dwca": "SC_trinidadtobago", "resource": "fillup_missing_parents_GBIFChecklists"}'
php fill_up_undefined_parents_real_GBIFChecklists.php _ '{"resource_id": "SC_tuvalu", "source_dwca": "SC_tuvalu", "resource": "fillup_missing_parents_GBIFChecklists"}'
php fill_up_undefined_parents_real_GBIFChecklists.php _ '{"resource_id": "SC_taiwan", "source_dwca": "SC_taiwan", "resource": "fillup_missing_parents_GBIFChecklists"}'
php fill_up_undefined_parents_real_GBIFChecklists.php _ '{"resource_id": "SC_tanzania", "source_dwca": "SC_tanzania", "resource": "fillup_missing_parents_GBIFChecklists"}'
php fill_up_undefined_parents_real_GBIFChecklists.php _ '{"resource_id": "SC_ukraine", "source_dwca": "SC_ukraine", "resource": "fillup_missing_parents_GBIFChecklists"}'
php fill_up_undefined_parents_real_GBIFChecklists.php _ '{"resource_id": "SC_uganda", "source_dwca": "SC_uganda", "resource": "fillup_missing_parents_GBIFChecklists"}'
php fill_up_undefined_parents_real_GBIFChecklists.php _ '{"resource_id": "SC_usminor", "source_dwca": "SC_usminor", "resource": "fillup_missing_parents_GBIFChecklists"}'
php fill_up_undefined_parents_real_GBIFChecklists.php _ '{"resource_id": "SC_unitedstates", "source_dwca": "SC_unitedstates", "resource": "fillup_missing_parents_GBIFChecklists"}'
php fill_up_undefined_parents_real_GBIFChecklists.php _ '{"resource_id": "SC_uruguay", "source_dwca": "SC_uruguay", "resource": "fillup_missing_parents_GBIFChecklists"}'
php fill_up_undefined_parents_real_GBIFChecklists.php _ '{"resource_id": "SC_uzbekistan", "source_dwca": "SC_uzbekistan", "resource": "fillup_missing_parents_GBIFChecklists"}'
php fill_up_undefined_parents_real_GBIFChecklists.php _ '{"resource_id": "SC_vaticancity", "source_dwca": "SC_vaticancity", "resource": "fillup_missing_parents_GBIFChecklists"}'
php fill_up_undefined_parents_real_GBIFChecklists.php _ '{"resource_id": "SC_saintvincentandthegrenadines", "source_dwca": "SC_saintvincentandthegrenadines", "resource": "fillup_missing_parents_GBIFChecklists"}'
php fill_up_undefined_parents_real_GBIFChecklists.php _ '{"resource_id": "SC_venezuela", "source_dwca": "SC_venezuela", "resource": "fillup_missing_parents_GBIFChecklists"}'
php fill_up_undefined_parents_real_GBIFChecklists.php _ '{"resource_id": "SC_britishvirginislands", "source_dwca": "SC_britishvirginislands", "resource": "fillup_missing_parents_GBIFChecklists"}'
php fill_up_undefined_parents_real_GBIFChecklists.php _ '{"resource_id": "SC_usvirgin", "source_dwca": "SC_usvirgin", "resource": "fillup_missing_parents_GBIFChecklists"}'
php fill_up_undefined_parents_real_GBIFChecklists.php _ '{"resource_id": "SC_vietnam", "source_dwca": "SC_vietnam", "resource": "fillup_missing_parents_GBIFChecklists"}'
php fill_up_undefined_parents_real_GBIFChecklists.php _ '{"resource_id": "SC_vanuatu", "source_dwca": "SC_vanuatu", "resource": "fillup_missing_parents_GBIFChecklists"}'
php fill_up_undefined_parents_real_GBIFChecklists.php _ '{"resource_id": "SC_wallisetfutuna", "source_dwca": "SC_wallisetfutuna", "resource": "fillup_missing_parents_GBIFChecklists"}'
php fill_up_undefined_parents_real_GBIFChecklists.php _ '{"resource_id": "SC_samoa", "source_dwca": "SC_samoa", "resource": "fillup_missing_parents_GBIFChecklists"}'
php fill_up_undefined_parents_real_GBIFChecklists.php _ '{"resource_id": "SC_yemen", "source_dwca": "SC_yemen", "resource": "fillup_missing_parents_GBIFChecklists"}'
php fill_up_undefined_parents_real_GBIFChecklists.php _ '{"resource_id": "SC_mayotte", "source_dwca": "SC_mayotte", "resource": "fillup_missing_parents_GBIFChecklists"}'
php fill_up_undefined_parents_real_GBIFChecklists.php _ '{"resource_id": "SC_southafrica", "source_dwca": "SC_southafrica", "resource": "fillup_missing_parents_GBIFChecklists"}'
php fill_up_undefined_parents_real_GBIFChecklists.php _ '{"resource_id": "SC_zambia", "source_dwca": "SC_zambia", "resource": "fillup_missing_parents_GBIFChecklists"}'
php fill_up_undefined_parents_real_GBIFChecklists.php _ '{"resource_id": "SC_zimbabwe", "source_dwca": "SC_zimbabwe", "resource": "fillup_missing_parents_GBIFChecklists"}'
