Peter Janzen	http://eol.org/schema/terms/Amphibiaweb_Peter_Janzen
Anna Doty	http://eol.org/schema/terms/Amphibiaweb_Anna_Doty
Fall 2013 URAPs	http://eol.org/schema/terms/Amphibiaweb_Fall_2013_URAPs
Kristoffer Patterson	http://eol.org/schema/terms/Amphibiaweb_Kristoffer_Patterson
Jared Brown	http://eol.org/schema/terms/Amphibiaweb_Jared_Brown
Veronica Pedraza	http://eol.org/schema/terms/Amphibiaweb_Veronica_Pedraza
Vanikaa Keswani	http://eol.org/schema/terms/Amphibiaweb_Vanikaa_Keswani
Arie van der Meijden	http://eol.org/schema/terms/Amphibiaweb_Arie_van_der_Meijden
Kevin Gin UC Berkeley URAP	http://eol.org/schema/terms/Amphibiaweb_Kevin_Gin_UC_Berkeley_URAP
Benjamin Fryer	http://eol.org/schema/terms/Amphibiaweb_Benjamin_Fryer
Evan Twomey	http://eol.org/schema/terms/Amphibiaweb_Evan_Twomey
Cheng Li	http://eol.org/schema/terms/Amphibiaweb_Cheng_Li
Ryan Reynolds	http://eol.org/schema/terms/Amphibiaweb_Ryan_Reynolds
Richard Gilbert	http://eol.org/schema/terms/Amphibiaweb_Richard_Gilbert
Kristen Slattery	http://eol.org/schema/terms/Amphibiaweb_Kristen_Slattery
Caitlin Garner	http://eol.org/schema/terms/Amphibiaweb_Caitlin_Garner
Alexa Mutti	http://eol.org/schema/terms/Amphibiaweb_Alexa_Mutti
Philippe J. R. Kok	http://eol.org/schema/terms/Amphibiaweb_Philippe_J._R._Kok
Kaera Utsumi	http://eol.org/schema/terms/Amphibiaweb_Kaera_Utsumi
Christina Scott	http://eol.org/schema/terms/Amphibiaweb_Christina_Scott
Erin Gawel	http://eol.org/schema/terms/Amphibiaweb_Erin_Gawel
Maddy Schwarz	http://eol.org/schema/terms/Amphibiaweb_Maddy_Schwarz
Valentina Bache-Rodriguez	http://eol.org/schema/terms/Amphibiaweb_Valentina_Bache-Rodriguez
Nelly Chow	http://eol.org/schema/terms/Amphibiaweb_Nelly_Chow
Gustavo Fermin	http://eol.org/schema/terms/Amphibiaweb_Gustavo_Fermin
Sean M. Rovito	http://eol.org/schema/terms/Amphibiaweb_Sean_M._Rovito
Katherine Montana	http://eol.org/schema/terms/Amphibiaweb_Katherine_Montana
Emir Gokce	http://eol.org/schema/terms/Amphibiaweb_Emir_Gokce
Megan Duncanson	http://eol.org/schema/terms/Amphibiaweb_Megan_Duncanson
Marcus Joyce	http://eol.org/schema/terms/Amphibiaweb_Marcus_Joyce
William Yoon Ho Byun	http://eol.org/schema/terms/Amphibiaweb_William_Yoon_Ho_Byun
Asako Miyakawa	http://eol.org/schema/terms/Amphibiaweb_Asako_Miyakawa
Kayla Friedrichsen	http://eol.org/schema/terms/Amphibiaweb_Kayla_Friedrichsen
Anne-Jieleth Fernandez	http://eol.org/schema/terms/Amphibiaweb_Anne-Jieleth_Fernandez
Ronald I. Crombie	http://eol.org/schema/terms/Amphibiaweb_Ronald_I._Crombie
Marvalee Wake	http://eol.org/schema/terms/Amphibiaweb_Marvalee_Wake
Jacob F. Brumley	http://eol.org/schema/terms/Amphibiaweb_Jacob_F._Brumley
Sky Button	http://eol.org/schema/terms/Amphibiaweb_Sky_Button
Shiran Hershcovich	http://eol.org/schema/terms/Amphibiaweb_Shiran_Hershcovich
Madeline C. Bantly	http://eol.org/schema/terms/Amphibiaweb_Madeline_C._Bantly
Amanda Baker	http://eol.org/schema/terms/Amphibiaweb_Amanda_Baker
Spencer J. Mennis	http://eol.org/schema/terms/Amphibiaweb_Spencer_J._Mennis
Anthony Gilbert	http://eol.org/schema/terms/Amphibiaweb_Anthony_Gilbert
Mark Mazza II	http://eol.org/schema/terms/Amphibiaweb_Mark_Mazza_II
Giulia B. de Gennaro	http://eol.org/schema/terms/Amphibiaweb_Giulia_B._de_Gennaro
Varad B. Giri	http://eol.org/schema/terms/Amphibiaweb_Varad_B._Giri
Hillary Krumbholz	http://eol.org/schema/terms/Amphibiaweb_Hillary_Krumbholz
Malachi Whitford	http://eol.org/schema/terms/Amphibiaweb_Malachi_Whitford
Barbara Carballo	http://eol.org/schema/terms/Amphibiaweb_Barbara_Carballo
Angelica Grunloh	http://eol.org/schema/terms/Amphibiaweb_Angelica_Grunloh
Yuezhao Wang Jinzhong Fu	http://eol.org/schema/terms/Amphibiaweb_Yuezhao_Wang_Jinzhong_Fu
Andrew Phennicie	http://eol.org/schema/terms/Amphibiaweb_Andrew_Phennicie
A. Beti	http://eol.org/schema/terms/Amphibiaweb_A._Beti
Jenifer Morgan-Davie	http://eol.org/schema/terms/Amphibiaweb_Jenifer_Morgan-Davie
peter janzen	http://eol.org/schema/terms/Amphibiaweb_peter_janzen
Sara Ramirez	http://eol.org/schema/terms/Amphibiaweb_Sara_Ramirez
K. R. McDonald	http://eol.org/schema/terms/Amphibiaweb_K._R._McDonald
R. A. Alford	http://eol.org/schema/terms/Amphibiaweb_R._A._Alford
Tania Pollak	http://eol.org/schema/terms/Amphibiaweb_Tania_Pollak
M. L	http://eol.org/schema/terms/Amphibiaweb_M._L
M. St	http://eol.org/schema/terms/Amphibiaweb_M._St
Zachary R. Lewis	http://eol.org/schema/terms/Amphibiaweb_Zachary_R._Lewis
Billy Mortola	http://eol.org/schema/terms/Amphibiaweb_Billy_Mortola
Jon-Karl Jennewein	http://eol.org/schema/terms/Amphibiaweb_Jon-Karl_Jennewein
Austin Winget	http://eol.org/schema/terms/Amphibiaweb_Austin_Winget
Rosalie Abeng	http://eol.org/schema/terms/Amphibiaweb_Rosalie_Abeng
Jacob Elstad	http://eol.org/schema/terms/Amphibiaweb_Jacob_Elstad
Sally Westcott	http://eol.org/schema/terms/Amphibiaweb_Sally_Westcott
Emily McCloskey	http://eol.org/schema/terms/Amphibiaweb_Emily_McCloskey
Karin Dove	http://eol.org/schema/terms/Amphibiaweb_Karin_Dove
Travis Winter	http://eol.org/schema/terms/Amphibiaweb_Travis_Winter
Celeste M. Dodge	http://eol.org/schema/terms/Amphibiaweb_Celeste_M._Dodge
Amanda D. Wong	http://eol.org/schema/terms/Amphibiaweb_Amanda_D._Wong
Jiří Moravec	http://eol.org/schema/terms/Amphibiaweb_Jiří_Moravec
Miquéias Ferrão	http://eol.org/schema/terms/Amphibiaweb_Miquéias_Ferrão
Regina Spranger	http://eol.org/schema/terms/Amphibiaweb_Regina_Spranger
Spencer Wong	http://eol.org/schema/terms/Amphibiaweb_Spencer_Wong
Sabrina Dunn	http://eol.org/schema/terms/Amphibiaweb_Sabrina_Dunn
Cooper Walton	http://eol.org/schema/terms/Amphibiaweb_Cooper_Walton
Skyler J. Kwan	http://eol.org/schema/terms/Amphibiaweb_Skyler_J._Kwan
Javier Moreno	http://eol.org/schema/terms/Amphibiaweb_Javier_Moreno
Jing Che	http://eol.org/schema/terms/Amphibiaweb_Jing_Che
Jenna Coates	http://eol.org/schema/terms/Amphibiaweb_Jenna_Coates
Margaret S. Gunzburger	http://eol.org/schema/terms/Amphibiaweb_Margaret_S._Gunzburger
John Abraham	http://eol.org/schema/terms/Amphibiaweb_John_Abraham
Shivani Pandare	http://eol.org/schema/terms/Amphibiaweb_Shivani_Pandare
Christopher Searcy	http://eol.org/schema/terms/Amphibiaweb_Christopher_Searcy
Tina Cheng	http://eol.org/schema/terms/Amphibiaweb_Tina_Cheng
Gururaja KV	http://eol.org/schema/terms/Amphibiaweb_Gururaja_KV
Prathik Kumar	http://eol.org/schema/terms/Amphibiaweb_Prathik_Kumar
Amanda Radel	http://eol.org/schema/terms/Amphibiaweb_Amanda_Radel
Ash Reining	http://eol.org/schema/terms/Amphibiaweb_Ash_Reining
Stephen Chu	http://eol.org/schema/terms/Amphibiaweb_Stephen_Chu
Torianna Green	http://eol.org/schema/terms/Amphibiaweb_Torianna_Green
Rachel L. Mueller	http://eol.org/schema/terms/Amphibiaweb_Rachel_L._Mueller
Samuel Malone	http://eol.org/schema/terms/Amphibiaweb_Samuel_Malone
Caroline Lewis	http://eol.org/schema/terms/Amphibiaweb_Caroline_Lewis
Jennifer Schoener	http://eol.org/schema/terms/Amphibiaweb_Jennifer_Schoener
Nathaniel Diede	http://eol.org/schema/terms/Amphibiaweb_Nathaniel_Diede
